feature,pu,value
1,2473,1
1,2839,1
1,7041,1
1,8568,1
1,11077,1
1,11677,1
1,12200,1
1,14274,1
1,15825,1
1,16297,1
1,18725,1
1,22342,1
1,27522,1
1,32568,1
1,33760,1
1,33991,1
1,34701,1
1,35129,1
1,52160,1
1,57006,1
1,60812,1
1,61369,1
1,62613,1
1,63098,1
1,65828,1
1,67563,1
1,73097,1
1,73696,1
1,73831,1
1,74354,1
1,79496,1
1,81451,1
1,83324,1
1,83645,1
1,95786,1
1,99629,1
1,100696,1
1,101375,1
1,101381,1
1,104671,1
1,104973,1
1,106825,1
1,112050,1
1,117328,1
1,119529,1
1,119954,1
1,120271,1
1,317,1
1,1349,1
1,1458,1
1,3509,1
1,3511,1
1,6212,1
1,9360,1
1,10159,1
1,11522,1
1,12774,1
1,13989,1
1,15053,1
1,15393,1
1,15622,1
1,16681,1
1,17991,1
1,18326,1
1,19033,1
1,19438,1
1,21241,1
1,23847,1
1,24275,1
1,29102,1
1,29370,1
1,32846,1
1,32962,1
1,35387,1
1,35699,1
1,36079,1
1,36549,1
1,36803,1
1,40614,1
1,41209,1
1,42607,1
1,42964,1
1,43111,1
1,44153,1
1,46537,1
1,50388,1
1,52804,1
1,55162,1
1,57046,1
1,60398,1
1,60876,1
1,61423,1
1,63396,1
1,65273,1
1,67255,1
1,67358,1
1,70871,1
1,71427,1
1,71771,1
1,79534,1
1,80002,1
1,80654,1
1,86298,1
1,91091,1
1,92232,1
1,103663,1
1,107844,1
1,108742,1
1,109238,1
1,110169,1
1,110258,1
1,111579,1
1,111777,1
1,113054,1
1,113152,1
1,113752,1
1,114487,1
1,116752,1
1,118196,1
1,17719,1
1,23222,1
1,28143,1
1,32952,1
1,33537,1
1,36743,1
1,45773,1
1,47296,1
1,54427,1
1,61944,1
1,68236,1
1,69781,1
1,77030,1
1,85670,1
1,88005,1
1,100136,1
1,104465,1
1,114074,1
1,118852,1
1,7509,1
1,11573,1
1,25221,1
1,27387,1
1,54400,1
1,56739,1
1,56747,1
1,59919,1
1,71512,1
1,78402,1
1,82026,1
1,100112,1
1,102774,1
1,105474,1
1,108955,1
1,109758,1
1,114047,1
1,117456,1
1,118616,1
1,119207,1
1,1449,1
1,1682,1
1,3225,1
1,4999,1
1,9292,1
1,10214,1
1,11903,1
1,14413,1
1,15233,1
1,17227,1
1,18619,1
1,18906,1
1,19524,1
1,21768,1
1,23680,1
1,25250,1
1,25752,1
1,26328,1
1,27188,1
1,30103,1
1,31669,1
1,34257,1
1,34359,1
1,36377,1
1,38234,1
1,41079,1
1,42351,1
1,44454,1
1,46496,1
1,48017,1
1,53608,1
1,55716,1
1,56657,1
1,56867,1
1,59341,1
1,59447,1
1,61297,1
1,61717,1
1,62639,1
1,67657,1
1,69281,1
1,71622,1
1,73443,1
1,74851,1
1,74983,1
1,76379,1
1,79280,1
1,79373,1
1,80247,1
1,80724,1
1,82179,1
1,86181,1
1,86593,1
1,87637,1
1,88442,1
1,90436,1
1,92452,1
1,92563,1
1,92960,1
1,94539,1
1,95103,1
1,96264,1
1,96681,1
1,97836,1
1,98582,1
1,110832,1
1,113716,1
1,113838,1
1,115516,1
1,116622,1
1,116625,1
1,117822,1
1,117939,1
1,5875,1
1,6124,1
1,8105,1
1,8532,1
1,10670,1
1,14139,1
1,14729,1
1,15985,1
1,17381,1
1,23722,1
1,27068,1
1,27075,1
1,30389,1
1,31847,1
1,32985,1
1,37425,1
1,38628,1
1,52337,1
1,64634,1
1,64730,1
1,68960,1
1,74868,1
1,80284,1
1,85976,1
1,88051,1
1,100029,1
1,100187,1
1,104368,1
1,111917,1
1,114623,1
1,116101,1
1,117513,1
1,2947,1
1,8914,1
1,13940,1
1,16254,1
1,32665,1
1,35062,1
1,44083,1
1,45853,1
1,48461,1
1,49395,1
1,52016,1
1,52277,1
1,54845,1
1,59293,1
1,74672,1
1,83079,1
1,84736,1
1,84969,1
1,86114,1
1,99367,1
1,116693,1
1,118906,1
1,119055,1
1,7420,1
1,8017,1
1,10129,1
1,25650,1
1,30859,1
1,57291,1
1,62899,1
1,63651,1
1,69190,1
1,69458,1
1,81919,1
1,86990,1
1,91547,1
1,99086,1
1,102694,1
1,112921,1
1,114959,1
1,116653,1
1,680,1
1,1015,1
1,1144,1
1,1988,1
1,2003,1
1,2544,1
1,2932,1
1,3307,1
1,3421,1
1,3853,1
1,3859,1
1,4314,1
1,4337,1
1,4347,1
1,4461,1
1,4687,1
1,4937,1
1,5673,1
1,6231,1
1,6379,1
1,6856,1
1,6871,1
1,6947,1
1,7094,1
1,7448,1
1,7453,1
1,7553,1
1,7797,1
1,7922,1
1,8131,1
1,9249,1
1,9258,1
1,9482,1
1,9637,1
1,9751,1
1,10174,1
1,10665,1
1,10901,1
1,11168,1
1,11287,1
1,11297,1
1,11412,1
1,11765,1
1,12113,1
1,12956,1
1,13082,1
1,13187,1
1,13290,1
1,13322,1
1,13661,1
1,14011,1
1,14114,1
1,14956,1
1,14958,1
1,15796,1
1,15912,1
1,16012,1
1,16464,1
1,16465,1
1,16587,1
1,16598,1
1,16816,1
1,17044,1
1,17190,1
1,17530,1
1,17674,1
1,18139,1
1,18141,1
1,19054,1
1,19548,1
1,19793,1
1,20148,1
1,20275,1
1,20890,1
1,21592,1
1,21948,1
1,22568,1
1,23744,1
1,24191,1
1,24192,1
1,24437,1
1,24567,1
1,24815,1
1,25554,1
1,25710,1
1,26013,1
1,26884,1
1,27471,1
1,27473,1
1,28428,1
1,28429,1
1,28655,1
1,28884,1
1,28924,1
1,29930,1
1,29941,1
1,30307,1
1,31232,1
1,31841,1
1,31870,1
1,32095,1
1,32407,1
1,32420,1
1,32549,1
1,32761,1
1,33106,1
1,33225,1
1,33473,1
1,33611,1
1,33943,1
1,33962,1
1,34307,1
1,34421,1
1,35181,1
1,35306,1
1,35754,1
1,36347,1
1,36355,1
1,36952,1
1,37807,1
1,38075,1
1,38155,1
1,38636,1
1,38746,1
1,38985,1
1,39213,1
1,39233,1
1,39491,1
1,39847,1
1,39940,1
1,40086,1
1,40285,1
1,41268,1
1,41525,1
1,41594,1
1,41598,1
1,41601,1
1,41828,1
1,41831,1
1,42290,1
1,42401,1
1,42515,1
1,42525,1
1,42761,1
1,42849,1
1,42992,1
1,43444,1
1,44294,1
1,44297,1
1,44851,1
1,45460,1
1,45712,1
1,46099,1
1,46194,1
1,46541,1
1,46573,1
1,46911,1
1,46928,1
1,47026,1
1,47369,1
1,47626,1
1,47840,1
1,47852,1
1,48218,1
1,48316,1
1,48341,1
1,48651,1
1,48794,1
1,48800,1
1,48910,1
1,50780,1
1,50917,1
1,51142,1
1,51249,1
1,51536,1
1,51552,1
1,51648,1
1,52137,1
1,52147,1
1,52218,1
1,52262,1
1,53073,1
1,53431,1
1,54150,1
1,54378,1
1,54599,1
1,55087,1
1,55089,1
1,55179,1
1,55180,1
1,55522,1
1,56227,1
1,56452,1
1,56465,1
1,56609,1
1,56831,1
1,56832,1
1,56847,1
1,56961,1
1,56974,1
1,57231,1
1,57909,1
1,58392,1
1,58941,1
1,59046,1
1,59382,1
1,59643,1
1,60411,1
1,60536,1
1,61226,1
1,61567,1
1,61778,1
1,61894,1
1,62204,1
1,62341,1
1,62570,1
1,62592,1
1,62933,1
1,62945,1
1,63302,1
1,63557,1
1,63677,1
1,64428,1
1,64507,1
1,64508,1
1,64990,1
1,65099,1
1,65199,1
1,65203,1
1,65788,1
1,65792,1
1,66695,1
1,66715,1
1,67181,1
1,67489,1
1,67716,1
1,67953,1
1,67971,1
1,68308,1
1,68314,1
1,68628,1
1,68877,1
1,68892,1
1,68985,1
1,69247,1
1,69734,1
1,70418,1
1,70431,1
1,70545,1
1,70547,1
1,70634,1
1,70887,1
1,70997,1
1,71148,1
1,71220,1
1,71252,1
1,71336,1
1,71602,1
1,71784,1
1,72119,1
1,72131,1
1,72512,1
1,73542,1
1,74180,1
1,74188,1
1,74575,1
1,74684,1
1,75488,1
1,75589,1
1,75969,1
1,76318,1
1,76558,1
1,76957,1
1,76966,1
1,76967,1
1,77310,1
1,77995,1
1,78011,1
1,78216,1
1,78370,1
1,78486,1
1,78628,1
1,78997,1
1,79586,1
1,80051,1
1,80076,1
1,80445,1
1,81430,1
1,81645,1
1,82133,1
1,82944,1
1,83161,1
1,83301,1
1,83608,1
1,83739,1
1,84123,1
1,84470,1
1,84840,1
1,85189,1
1,85272,1
1,85415,1
1,85757,1
1,86133,1
1,86242,1
1,86350,1
1,86544,1
1,87110,1
1,87221,1
1,87601,1
1,87936,1
1,88187,1
1,88600,1
1,89086,1
1,90370,1
1,90510,1
1,91347,1
1,91452,1
1,91915,1
1,92393,1
1,92507,1
1,92783,1
1,93756,1
1,93899,1
1,94028,1
1,94147,1
1,94266,1
1,94824,1
1,95167,1
1,95302,1
1,95315,1
1,95621,1
1,95633,1
1,95722,1
1,95927,1
1,96296,1
1,96429,1
1,96639,1
1,96885,1
1,97116,1
1,97137,1
1,97440,1
1,97454,1
1,97672,1
1,98265,1
1,98275,1
1,98398,1
1,99092,1
1,99241,1
1,99485,1
1,99833,1
1,99939,1
1,100043,1
1,100178,1
1,100776,1
1,100914,1
1,101107,1
1,101125,1
1,101217,1
1,101689,1
1,101949,1
1,102618,1
1,102635,1
1,102939,1
1,103207,1
1,103474,1
1,103677,1
1,104987,1
1,104988,1
1,105111,1
1,105308,1
1,105530,1
1,105768,1
1,105773,1
1,105897,1
1,105900,1
1,106146,1
1,106380,1
1,107994,1
1,108406,1
1,108529,1
1,108536,1
1,108555,1
1,108678,1
1,108769,1
1,108792,1
1,108799,1
1,108882,1
1,109056,1
1,109510,1
1,110205,1
1,110531,1
1,110535,1
1,111127,1
1,111591,1
1,112155,1
1,113199,1
1,113437,1
1,113993,1
1,114002,1
1,114121,1
1,114155,1
1,115112,1
1,115326,1
1,115430,1
1,115767,1
1,115773,1
1,115891,1
1,116010,1
1,116113,1
1,116118,1
1,116119,1
1,116676,1
1,116915,1
1,117033,1
1,117034,1
1,117145,1
1,117148,1
1,117638,1
1,117744,1
1,117893,1
1,118219,1
1,118355,1
1,119293,1
1,119504,1
1,119604,1
1,119823,1
1,119841,1
1,119936,1
1,120444,1
1,2446,1
1,3844,1
1,8524,1
1,8778,1
1,11138,1
1,13165,1
1,13325,1
1,13449,1
1,13660,1
1,14019,1
1,15142,1
1,15143,1
1,16274,1
1,16384,1
1,17153,1
1,18590,1
1,19997,1
1,20889,1
1,22101,1
1,22224,1
1,22325,1
1,22789,1
1,24519,1
1,25798,1
1,27834,1
1,31477,1
1,34075,1
1,34406,1
1,34420,1
1,35506,1
1,36231,1
1,36324,1
1,36677,1
1,37387,1
1,38406,1
1,42172,1
1,42410,1
1,43554,1
1,44499,1
1,45592,1
1,46547,1
1,46798,1
1,49003,1
1,50907,1
1,51526,1
1,52366,1
1,54588,1
1,54741,1
1,54820,1
1,55803,1
1,56340,1
1,56353,1
1,56596,1
1,57510,1
1,58523,1
1,59045,1
1,59842,1
1,61424,1
1,62125,1
1,62438,1
1,62451,1
1,62575,1
1,63389,1
1,63399,1
1,63927,1
1,65768,1
1,66239,1
1,66362,1
1,66819,1
1,67370,1
1,68875,1
1,69206,1
1,72115,1
1,72133,1
1,72253,1
1,77768,1
1,82473,1
1,82958,1
1,83027,1
1,83264,1
1,84469,1
1,84707,1
1,84710,1
1,84941,1
1,86005,1
1,86307,1
1,87116,1
1,88313,1
1,88518,1
1,88857,1
1,90364,1
1,90616,1
1,94708,1
1,95254,1
1,95932,1
1,96324,1
1,99684,1
1,100314,1
1,104475,1
1,105110,1
1,106121,1
1,107505,1
1,108079,1
1,108790,1
1,110180,1
1,110879,1
1,112008,1
1,113056,1
1,115984,1
1,118013,1
1,118888,1
1,119603,1
1,120476,1
2,2947.0,1
2,2446.0,1
2,12597.0,1
2,54737.0,1
2,69587.0,1
2,90134.0,1
2,110638.0,1
2,88857.0,1
2,90506.0,1
2,107505.0,1
3,1296.0,1
3,671.0,1
3,8415.0,1
3,1122.0,1
3,6913.0,1
3,8017.0,1
3,8887.0,1
3,13115.0,1
3,14570.0,1
3,58187.0,1
3,20944.0,1
3,25604.0,1
3,30103.0,1
3,32376.0,1
3,32781.0,1
3,34186.0,1
3,44567.0,1
3,40395.0,1
3,41440.0,1
3,44873.0,1
3,47168.0,1
3,47770.0,1
3,51706.0,1
3,53953.0,1
3,59189.0,1
3,62044.0,1
3,82635.0,1
3,78131.0,1
3,108499.0,1
3,80985.0,1
3,105110.0,1
3,106121.0,1
3,84190.0,1
3,93269.0,1
3,101169.0,1
3,101171.0,1
3,113716.0,1
3,116969.0,1
4,198,1
4,394,1
4,412,1
4,413,1
4,429,1
4,994,1
4,1085,1
4,1329,1
4,1481,1
4,1571,1
4,1586,1
4,1587,1
4,1693,1
4,2061,1
4,2503,1
4,2753,1
4,2961,1
4,3017,1
4,3224,1
4,3492,1
4,3580,1
4,3602,1
4,3660,1
4,3798,1
4,4192,1
4,4260,1
4,4426,1
4,4429,1
4,4528,1
4,5272,1
4,5374,1
4,5586,1
4,5847,1
4,6080,1
4,6208,1
4,6227,1
4,6458,1
4,6459,1
4,6482,1
4,6485,1
4,6587,1
4,6700,1
4,6709,1
4,6849,1
4,6919,1
4,6926,1
4,7772,1
4,7803,1
4,7806,1
4,7946,1
4,8019,1
4,8020,1
4,8338,1
4,8440,1
4,8606,1
4,8738,1
4,8969,1
4,9190,1
4,9436,1
4,9480,1
4,9533,1
4,9555,1
4,9587,1
4,9710,1
4,9832,1
4,9833,1
4,9990,1
4,10107,1
4,10129,1
4,10873,1
4,10876,1
4,10882,1
4,11149,1
4,11364,1
4,11607,1
4,11618,1
4,11698,1
4,11747,1
4,12426,1
4,12453,1
4,12642,1
4,12771,1
4,12854,1
4,13043,1
4,13247,1
4,13344,1
4,13622,1
4,13751,1
4,13826,1
4,13974,1
4,14233,1
4,14236,1
4,14344,1
4,14566,1
4,14698,1
4,14790,1
4,15050,1
4,15140,1
4,15160,1
4,15161,1
4,15260,1
4,15395,1
4,15508,1
4,15509,1
4,15997,1
4,16166,1
4,16195,1
4,16203,1
4,16357,1
4,16437,1
4,16439,1
4,16772,1
4,16888,1
4,16908,1
4,16980,1
4,16995,1
4,17099,1
4,17259,1
4,17280,1
4,18060,1
4,18062,1
4,18102,1
4,18232,1
4,18300,1
4,18302,1
4,18316,1
4,18431,1
4,18512,1
4,18785,1
4,19153,1
4,19294,1
4,19387,1
4,19410,1
4,19628,1
4,19827,1
4,20119,1
4,20217,1
4,20246,1
4,20309,1
4,20637,1
4,20959,1
4,20960,1
4,21205,1
4,21210,1
4,21235,1
4,21308,1
4,21422,1
4,21561,1
4,21664,1
4,21942,1
4,21944,1
4,22132,1
4,22158,1
4,22481,1
4,22523,1
4,22655,1
4,22738,1
4,22780,1
4,22879,1
4,23261,1
4,23263,1
4,23459,1
4,23461,1
4,23670,1
4,23962,1
4,24063,1
4,24633,1
4,24753,1
4,24890,1
4,24898,1
4,24902,1
4,25099,1
4,25278,1
4,25492,1
4,25671,1
4,25672,1
4,26347,1
4,26379,1
4,26381,1
4,26466,1
4,26559,1
4,26809,1
4,26855,1
4,26926,1
4,26971,1
4,27041,1
4,27178,1
4,27312,1
4,27404,1
4,27575,1
4,27576,1
4,27683,1
4,27905,1
4,27927,1
4,27992,1
4,28042,1
4,28146,1
4,28319,1
4,28321,1
4,28492,1
4,28497,1
4,28503,1
4,28617,1
4,29104,1
4,29709,1
4,29884,1
4,29995,1
4,30039,1
4,30147,1
4,30155,1
4,30331,1
4,30483,1
4,31270,1
4,31324,1
4,31443,1
4,31572,1
4,31593,1
4,31887,1
4,32067,1
4,32068,1
4,32156,1
4,32208,1
4,32686,1
4,32703,1
4,32740,1
4,33141,1
4,33303,1
4,33396,1
4,33656,1
4,33775,1
4,33915,1
4,33934,1
4,33985,1
4,34149,1
4,34214,1
4,34231,1
4,34399,1
4,34741,1
4,34979,1
4,34996,1
4,35077,1
4,35135,1
4,35230,1
4,35251,1
4,35384,1
4,35479,1
4,35562,1
4,35581,1
4,35705,1
4,36294,1
4,36421,1
4,36437,1
4,36602,1
4,36648,1
4,36764,1
4,36916,1
4,37161,1
4,37226,1
4,37230,1
4,37386,1
4,37387,1
4,37526,1
4,37739,1
4,37740,1
4,38125,1
4,38126,1
4,38225,1
4,38254,1
4,38339,1
4,38360,1
4,38365,1
4,38500,1
4,38558,1
4,38602,1
4,38605,1
4,39049,1
4,39440,1
4,39902,1
4,39916,1
4,40030,1
4,40138,1
4,40264,1
4,40333,1
4,40514,1
4,40759,1
4,40898,1
4,40960,1
4,41311,1
4,41444,1
4,41469,1
4,41659,1
4,41708,1
4,41795,1
4,41919,1
4,42197,1
4,42682,1
4,42780,1
4,43206,1
4,43280,1
4,43401,1
4,43631,1
4,44155,1
4,44208,1
4,44365,1
4,44725,1
4,45060,1
4,45199,1
4,45293,1
4,45433,1
4,45435,1
4,45438,1
4,45493,1
4,45570,1
4,46019,1
4,46637,1
4,47010,1
4,47097,1
4,47101,1
4,47233,1
4,47450,1
4,47451,1
4,47788,1
4,48009,1
4,48170,1
4,48279,1
4,48285,1
4,48402,1
4,48424,1
4,48647,1
4,48650,1
4,48746,1
4,49247,1
4,49547,1
4,49756,1
4,50409,1
4,50544,1
4,50639,1
4,50758,1
4,50960,1
4,51600,1
4,51713,1
4,51766,1
4,51836,1
4,51963,1
4,51993,1
4,52207,1
4,52224,1
4,52313,1
4,52316,1
4,52336,1
4,52358,1
4,52433,1
4,52475,1
4,52811,1
4,52998,1
4,53060,1
4,53281,1
4,53405,1
4,53497,1
4,53522,1
4,53853,1
4,53866,1
4,53947,1
4,53987,1
4,54051,1
4,54202,1
4,54516,1
4,54558,1
4,54783,1
4,54829,1
4,55137,1
4,55271,1
4,55296,1
4,55509,1
4,55510,1
4,55514,1
4,55730,1
4,55731,1
4,55745,1
4,55875,1
4,56063,1
4,56171,1
4,56296,1
4,56319,1
4,56531,1
4,56759,1
4,56898,1
4,57200,1
4,57293,1
4,57378,1
4,57412,1
4,57413,1
4,57628,1
4,57838,1
4,57872,1
4,57971,1
4,58084,1
4,58891,1
4,59093,1
4,59149,1
4,59465,1
4,59574,1
4,59605,1
4,59623,1
4,59741,1
4,59862,1
4,59912,1
4,59934,1
4,59975,1
4,60066,1
4,60309,1
4,60471,1
4,60642,1
4,60832,1
4,60971,1
4,61108,1
4,61193,1
4,61534,1
4,61864,1
4,61906,1
4,62311,1
4,62904,1
4,62906,1
4,63395,1
4,63399,1
4,63400,1
4,64109,1
4,64253,1
4,64255,1
4,64479,1
4,64632,1
4,64824,1
4,65166,1
4,65179,1
4,65386,1
4,65627,1
4,65946,1
4,65985,1
4,66404,1
4,66653,1
4,67236,1
4,67254,1
4,67305,1
4,67334,1
4,67533,1
4,67649,1
4,67666,1
4,67697,1
4,67786,1
4,67900,1
4,68032,1
4,68167,1
4,68245,1
4,68473,1
4,69055,1
4,69190,1
4,69214,1
4,69440,1
4,69558,1
4,69561,1
4,69819,1
4,70151,1
4,70248,1
4,70275,1
4,70300,1
4,70371,1
4,70389,1
4,70517,1
4,70734,1
4,70939,1
4,71541,1
4,71566,1
4,72130,1
4,72553,1
4,72659,1
4,72908,1
4,72940,1
4,73099,1
4,73148,1
4,73149,1
4,73214,1
4,73248,1
4,73252,1
4,73636,1
4,73898,1
4,74024,1
4,74031,1
4,74216,1
4,74517,1
4,74526,1
4,74660,1
4,74822,1
4,74824,1
4,75104,1
4,75105,1
4,75440,1
4,75458,1
4,75523,1
4,75941,1
4,75944,1
4,76011,1
4,76282,1
4,76410,1
4,76411,1
4,76412,1
4,76639,1
4,76781,1
4,76998,1
4,77005,1
4,77032,1
4,77035,1
4,77114,1
4,77115,1
4,77297,1
4,77524,1
4,77644,1
4,77763,1
4,77859,1
4,78198,1
4,78323,1
4,78553,1
4,78790,1
4,79072,1
4,79258,1
4,79377,1
4,79507,1
4,79535,1
4,79916,1
4,80011,1
4,80287,1
4,80622,1
4,80861,1
4,81260,1
4,81589,1
4,81847,1
4,81969,1
4,82215,1
4,82216,1
4,82222,1
4,82576,1
4,82753,1
4,82772,1
4,82891,1
4,83035,1
4,83037,1
4,83038,1
4,83040,1
4,83154,1
4,83315,1
4,83484,1
4,83588,1
4,83751,1
4,84043,1
4,84085,1
4,84437,1
4,84650,1
4,84927,1
4,85005,1
4,85051,1
4,85118,1
4,85136,1
4,85249,1
4,85250,1
4,85657,1
4,85659,1
4,85684,1
4,85830,1
4,86100,1
4,86275,1
4,86372,1
4,86491,1
4,86760,1
4,87073,1
4,87088,1
4,87199,1
4,87864,1
4,87866,1
4,88166,1
4,88579,1
4,88606,1
4,88607,1
4,88797,1
4,88849,1
4,89129,1
4,89290,1
4,89374,1
4,89643,1
4,89707,1
4,89750,1
4,89964,1
4,90068,1
4,90072,1
4,90097,1
4,90320,1
4,90334,1
4,90474,1
4,90683,1
4,90811,1
4,90854,1
4,91267,1
4,91292,1
4,91551,1
4,91732,1
4,91736,1
4,91751,1
4,91753,1
4,91848,1
4,91978,1
4,92018,1
4,92350,1
4,92470,1
4,92483,1
4,92556,1
4,92787,1
4,92906,1
4,93232,1
4,93234,1
4,93240,1
4,93681,1
4,93705,1
4,93976,1
4,94096,1
4,94362,1
4,94448,1
4,94917,1
4,95485,1
4,95795,1
4,95810,1
4,95812,1
4,95913,1
4,95932,1
4,96005,1
4,96059,1
4,96242,1
4,96381,1
4,96507,1
4,96628,1
4,96714,1
4,96842,1
4,97062,1
4,97097,1
4,97201,1
4,97372,1
4,97510,1
4,97533,1
4,97890,1
4,97914,1
4,98097,1
4,98155,1
4,98236,1
4,98377,1
4,98378,1
4,98825,1
4,98828,1
4,98861,1
4,98930,1
4,99277,1
4,99322,1
4,99328,1
4,99544,1
4,99618,1
4,99684,1
4,99810,1
4,100148,1
4,100247,1
4,100285,1
4,100406,1
4,100475,1
4,100476,1
4,100479,1
4,100512,1
4,100519,1
4,100590,1
4,100631,1
4,100726,1
4,100978,1
4,101297,1
4,101407,1
4,101499,1
4,101503,1
4,101551,1
4,102003,1
4,102301,1
4,102471,1
4,102699,1
4,102712,1
4,103149,1
4,103262,1
4,103280,1
4,103424,1
4,103444,1
4,103665,1
4,103666,1
4,103781,1
4,103889,1
4,104036,1
4,104110,1
4,104340,1
4,104366,1
4,104475,1
4,104724,1
4,104863,1
4,104922,1
4,104982,1
4,105028,1
4,105618,1
4,105711,1
4,106120,1
4,106465,1
4,106517,1
4,106858,1
4,107251,1
4,107553,1
4,107791,1
4,107824,1
4,107840,1
4,108281,1
4,109096,1
4,109220,1
4,109237,1
4,109239,1
4,109327,1
4,109576,1
4,109895,1
4,110027,1
4,110164,1
4,110244,1
4,110635,1
4,110731,1
4,110733,1
4,110940,1
4,111064,1
4,111096,1
4,111177,1
4,111303,1
4,111764,1
4,112101,1
4,112398,1
4,112720,1
4,113016,1
4,113056,1
4,113366,1
4,113387,1
4,113848,1
4,113865,1
4,114054,1
4,114074,1
4,114094,1
4,114584,1
4,114675,1
4,114840,1
4,114909,1
4,114912,1
4,115007,1
4,115026,1
4,115047,1
4,115048,1
4,115177,1
4,115200,1
4,115397,1
4,115412,1
4,115478,1
4,115542,1
4,115635,1
4,115920,1
4,115984,1
4,116185,1
4,116271,1
4,116274,1
4,116288,1
4,116295,1
4,116551,1
4,117012,1
4,117182,1
4,117491,1
4,117508,1
4,117511,1
4,117602,1
4,117673,1
4,117676,1
4,118073,1
4,118175,1
4,118191,1
4,118305,1
4,118448,1
4,118556,1
4,118560,1
4,118761,1
4,118871,1
4,118954,1
4,118989,1
4,119013,1
4,119127,1
4,119245,1
4,119247,1
4,119474,1
4,119548,1
4,119591,1
4,119691,1
4,119743,1
4,119803,1
4,119804,1
4,119889,1
4,120414,1
17,118514,1
17,112069,1
17,114704,1
17,6686,1
17,38712,1
17,79936,1
17,40287,1
17,99586,1
17,66836,1
17,73032,1
17,47549,1
17,64748,1
17,117421,1
17,71148,1
19,146,1
19,390,1
19,401,1
19,422,1
19,609,1
19,9761,1
19,12671,1
19,30899,1
19,5163,1
19,1193,1
19,1420,1
19,2178,1
19,3011,1
19,3210,1
19,3233,1
19,3475,1
19,4236,1
19,4244,1
19,4385,1
19,4613,1
19,4771,1
19,5240,1
19,5355,1
19,5762,1
19,6099,1
19,7395,1
19,7610,1
19,8858,1
19,9673,1
19,10478,1
19,12876,1
19,10994,1
19,12440,1
19,12506,1
19,12752,1
19,12999,1
19,13240,1
19,13259,1
19,13482,1
19,13819,1
19,14912,1
19,14918,1
19,14338,1
19,14027,1
19,14551,1
19,14416,1
19,16112,1
19,15443,1
19,15450,1
19,17025,1
19,17956,1
19,18039,1
19,31882,1
19,32023,1
19,45151,1
19,22899,1
19,33036,1
19,52433,1
19,58200,1
19,91954,1
19,17208,1
19,17241,1
19,17474,1
19,18404,1
19,21660,1
19,40115,1
19,19019,1
19,19028,1
19,22501,1
19,19483,1
19,21910,1
19,21975,1
19,22633,1
19,22797,1
19,22962,1
19,23070,1
19,23447,1
19,25598,1
19,25641,1
19,25648,1
19,23989,1
19,24023,1
19,24347,1
19,25246,1
19,27183,1
19,27315,1
19,26694,1
19,26937,1
19,28159,1
19,28366,1
19,29080,1
19,25984,1
19,26414,1
19,26487,1
19,42581,1
19,29304,1
19,30242,1
19,30474,1
19,30635,1
19,35237,1
19,31301,1
19,31495,1
19,31518,1
19,31825,1
19,32047,1
19,32070,1
19,32142,1
19,32382,1
19,32383,1
19,33490,1
19,33519,1
19,33538,1
19,33666,1
19,34732,1
19,33986,1
19,34003,1
19,34237,1
19,36284,1
19,37403,1
19,52561,1
19,35547,1
19,35782,1
19,36024,1
19,36133,1
19,36273,1
19,38086,1
19,38129,1
19,37568,1
19,37579,1
19,37600,1
19,37689,1
19,37719,1
19,38213,1
19,39429,1
19,39540,1
19,39895,1
19,40471,1
19,40504,1
19,40580,1
19,41604,1
19,41641,1
19,42698,1
19,41990,1
19,43036,1
19,43176,1
19,43778,1
19,44706,1
19,44742,1
19,44808,1
19,45878,1
19,46238,1
19,47364,1
19,47703,1
19,48715,1
19,48831,1
19,54702,1
19,48329,1
19,49194,1
19,49460,1
19,50366,1
19,50367,1
19,50489,1
19,51970,1
19,53858,1
19,53948,1
19,63778,1
19,65912,1
19,66003,1
19,50983,1
19,51304,1
19,51632,1
19,55120,1
19,52809,1
19,53373,1
19,53811,1
19,54187,1
19,54657,1
19,54472,1
19,54533,1
19,54885,1
19,55832,1
19,55945,1
19,56049,1
19,56534,1
19,56649,1
19,56864,1
19,57499,1
19,58483,1
19,58159,1
19,59348,1
19,59353,1
19,59600,1
19,60232,1
19,60268,1
19,62479,1
19,62489,1
19,60831,1
19,61262,1
19,61290,1
19,61726,1
19,61901,1
19,62026,1
19,63283,1
19,63336,1
19,62982,1
19,64591,1
19,65270,1
19,65170,1
19,66925,1
19,66507,1
19,67447,1
19,67516,1
19,67517,1
19,67312,1
19,82111,1
19,67801,1
19,67964,1
19,68384,1
19,70469,1
19,70592,1
19,69032,1
19,69346,1
19,69404,1
19,69757,1
19,71210,1
19,72356,1
19,72091,1
19,72567,1
19,72685,1
19,72899,1
19,73072,1
19,73142,1
19,73438,1
19,73493,1
19,74853,1
19,75666,1
19,91856,1
19,111184,1
19,77031,1
19,77703,1
19,78055,1
19,78175,1
19,78705,1
19,78802,1
19,106736,1
19,106839,1
19,79967,1
19,79031,1
19,79236,1
19,79364,1
19,79787,1
19,79800,1
19,80404,1
19,81196,1
19,81243,1
19,81562,1
19,81781,1
19,81825,1
19,81937,1
19,81961,1
19,82672,1
19,83017,1
19,83509,1
19,84532,1
19,84161,1
19,84370,1
19,86156,1
19,86472,1
19,84908,1
19,86741,1
19,96577,1
19,85806,1
19,85918,1
19,99168,1
19,87085,1
19,87335,1
19,87432,1
19,87451,1
19,87541,1
19,88975,1
19,87992,1
19,88222,1
19,89746,1
19,108183,1
19,90489,1
19,90949,1
19,92538,1
19,93040,1
19,93046,1
19,94908,1
19,95303,1
19,95453,1
19,95673,1
19,95881,1
19,95988,1
19,96403,1
19,96484,1
19,97425,1
19,97631,1
19,97642,1
19,97728,1
19,97833,1
19,97986,1
19,98113,1
19,99021,1
19,99667,1
19,100217,1
19,100377,1
19,101190,1
19,102116,1
19,102766,1
19,103017,1
19,103418,1
19,103163,1
19,104130,1
19,104202,1
19,104209,1
19,103749,1
19,103736,1
19,107903,1
19,107904,1
19,107921,1
19,104714,1
19,104331,1
19,104603,1
19,104721,1
19,105701,1
19,106344,1
19,107071,1
19,107135,1
19,107183,1
19,114089,1
19,114693,1
19,117730,1
19,108826,1
19,108921,1
19,109433,1
19,111546,1
19,111719,1
19,111740,1
19,111507,1
19,110268,1
19,111297,1
19,112805,1
19,112542,1
19,112655,1
19,112832,1
19,112982,1
19,112990,1
19,119282,1
19,113240,1
19,113258,1
19,113483,1
19,113708,1
19,113949,1
19,115640,1
19,114559,1
19,115292,1
19,117350,1
19,116382,1
19,116464,1
19,117562,1
19,118126,1
19,118151,1
19,118729,1
19,118841,1
19,118932,1
19,119328,1
19,120383,1
20,286.0,1
20,834.0,1
20,6843.0,1
20,9706.0,1
20,2888.0,1
20,2997.0,1
20,3224.0,1
20,19123.0,1
20,19154.0,1
20,28146.0,1
20,41288.0,1
20,50640.0,1
20,50754.0,1
20,71639.0,1
20,55727.0,1
20,56172.0,1
20,56173.0,1
20,58480.0,1
20,13853.0,1
20,9427.0,1
20,9437.0,1
20,14275.0,1
20,2360.0,1
20,7493.0,1
20,12042.0,1
20,13505.0,1
20,19842.0,1
20,19848.0,1
20,1084.0,1
20,1641.0,1
20,1694.0,1
20,2060.0,1
20,2259.0,1
20,2738.0,1
20,3660.0,1
20,4047.0,1
20,4755.0,1
20,5372.0,1
20,5724.0,1
20,6093.0,1
20,6917.0,1
20,7290.0,1
20,7310.0,1
20,7313.0,1
20,8440.0,1
20,8474.0,1
20,7617.0,1
20,7974.0,1
20,8205.0,1
20,8338.0,1
20,8584.0,1
20,8960.0,1
20,10587.0,1
20,10590.0,1
20,13374.0,1
20,10339.0,1
20,10341.0,1
20,10352.0,1
20,10983.0,1
20,12441.0,1
20,12791.0,1
20,13012.0,1
20,13410.0,1
20,13747.0,1
20,15751.0,1
20,15958.0,1
20,15976.0,1
20,15610.0,1
20,15865.0,1
20,16653.0,1
20,16214.0,1
20,16994.0,1
20,18082.0,1
20,45150.0,1
20,46615.0,1
20,47004.0,1
20,22490.0,1
20,22183.0,1
20,27804.0,1
20,33141.0,1
20,52417.0,1
20,52464.0,1
20,57469.0,1
20,17723.0,1
20,17846.0,1
20,18301.0,1
20,18404.0,1
20,18498.0,1
20,40136.0,1
20,57289.0,1
20,20727.0,1
20,20818.0,1
20,22500.0,1
20,22350.0,1
20,23114.0,1
20,19628.0,1
20,20309.0,1
20,20350.0,1
20,20706.0,1
20,20856.0,1
20,20923.0,1
20,20978.0,1
20,21189.0,1
20,23461.0,1
20,23963.0,1
20,25330.0,1
20,25858.0,1
20,27171.0,1
20,27184.0,1
20,27288.0,1
20,26347.0,1
20,26699.0,1
20,26927.0,1
20,27511.0,1
20,28384.0,1
20,28547.0,1
20,25117.0,1
20,25492.0,1
20,28621.0,1
20,29849.0,1
20,30702.0,1
20,30578.0,1
20,34473.0,1
20,35227.0,1
20,36503.0,1
20,31036.0,1
20,31068.0,1
20,31549.0,1
20,32156.0,1
20,32373.0,1
20,32686.0,1
20,33293.0,1
20,33507.0,1
20,33508.0,1
20,33650.0,1
20,33656.0,1
20,34613.0,1
20,33909.0,1
20,33986.0,1
20,34214.0,1
20,34271.0,1
20,34997.0,1
20,34998.0,1
20,35336.0,1
20,54927.0,1
20,35664.0,1
20,35707.0,1
20,35796.0,1
20,36051.0,1
20,36748.0,1
20,36875.0,1
20,37134.0,1
20,38110.0,1
20,37611.0,1
20,37635.0,1
20,37642.0,1
20,37743.0,1
20,37882.0,1
20,38225.0,1
20,39456.0,1
20,71062.0,1
20,38339.0,1
20,38707.0,1
20,38924.0,1
20,40605.0,1
20,39533.0,1
20,39771.0,1
20,41069.0,1
20,41435.0,1
20,44326.0,1
20,44453.0,1
20,42192.0,1
20,42194.0,1
20,42458.0,1
20,46848.0,1
20,45524.0,1
20,48010.0,1
20,47443.0,1
20,47658.0,1
20,54546.0,1
20,54688.0,1
20,48257.0,1
20,48284.0,1
20,49220.0,1
20,49541.0,1
20,49756.0,1
20,50001.0,1
20,50131.0,1
20,58787.0,1
20,63767.0,1
20,52679.0,1
20,55123.0,1
20,54897.0,1
20,53386.0,1
20,53713.0,1
20,54091.0,1
20,54180.0,1
20,54187.0,1
20,55258.0,1
20,55390.0,1
20,69900.0,1
20,55636.0,1
20,58996.0,1
20,56525.0,1
20,56690.0,1
20,56905.0,1
20,66402.0,1
20,66404.0,1
20,57593.0,1
20,59226.0,1
20,59350.0,1
20,57711.0,1
20,58587.0,1
20,58990.0,1
20,59704.0,1
20,59836.0,1
20,60188.0,1
20,60477.0,1
20,60515.0,1
20,81119.0,1
20,61826.0,1
20,61914.0,1
20,62537.0,1
20,63509.0,1
20,62753.0,1
20,63369.0,1
20,63383.0,1
20,63608.0,1
20,64491.0,1
20,64914.0,1
20,64933.0,1
20,65253.0,1
20,65368.0,1
20,66740.0,1
20,67014.0,1
20,65514.0,1
20,65939.0,1
20,75525.0,1
20,67785.0,1
20,67786.0,1
20,67897.0,1
20,67918.0,1
20,68721.0,1
20,70480.0,1
20,70276.0,1
20,70397.0,1
20,69045.0,1
20,69296.0,1
20,70849.0,1
20,72462.0,1
20,71406.0,1
20,71759.0,1
20,71857.0,1
20,73857.0,1
20,71946.0,1
20,72002.0,1
20,72659.0,1
20,73100.0,1
20,73136.0,1
20,73243.0,1
20,73980.0,1
20,74242.0,1
20,74371.0,1
20,74612.0,1
20,74829.0,1
20,75316.0,1
20,75689.0,1
20,91847.0,1
20,91848.0,1
20,76387.0,1
20,76639.0,1
20,77005.0,1
20,77496.0,1
20,77593.0,1
20,77619.0,1
20,77947.0,1
20,78171.0,1
20,78178.0,1
20,78655.0,1
20,78781.0,1
20,105269.0,1
20,105289.0,1
20,79964.0,1
20,79058.0,1
20,79238.0,1
20,82170.0,1
20,82307.0,1
20,82336.0,1
20,81219.0,1
20,81249.0,1
20,81256.0,1
20,81704.0,1
20,81811.0,1
20,81824.0,1
20,82446.0,1
20,91530.0,1
20,93090.0,1
20,105566.0,1
20,92456.0,1
20,96061.0,1
20,105480.0,1
20,105481.0,1
20,111304.0,1
20,112656.0,1
20,115936.0,1
20,115958.0,1
20,84522.0,1
20,83686.0,1
20,83932.0,1
20,86165.0,1
20,86520.0,1
20,86606.0,1
20,84812.0,1
20,85005.0,1
20,93817.0,1
20,85834.0,1
20,85835.0,1
20,85839.0,1
20,86042.0,1
20,99171.0,1
20,100977.0,1
20,102438.0,1
20,88922.0,1
20,91385.0,1
20,88366.0,1
20,88465.0,1
20,88540.0,1
20,89034.0,1
20,89592.0,1
20,90846.0,1
20,92876.0,1
20,108133.0,1
20,117016.0,1
20,90452.0,1
20,90556.0,1
20,91374.0,1
20,93238.0,1
20,94691.0,1
20,97264.0,1
20,97266.0,1
20,98829.0,1
20,94218.0,1
20,94332.0,1
20,94926.0,1
20,95498.0,1
20,96703.0,1
20,96724.0,1
20,97409.0,1
20,97964.0,1
20,98930.0,1
20,99277.0,1
20,100255.0,1
20,100267.0,1
20,100363.0,1
20,100641.0,1
20,100826.0,1
20,101422.0,1
20,101513.0,1
20,101074.0,1
20,101085.0,1
20,105402.0,1
20,104236.0,1
20,105820.0,1
20,104009.0,1
20,104721.0,1
20,105993.0,1
20,105994.0,1
20,106187.0,1
20,106532.0,1
20,108047.0,1
20,114698.0,1
20,108248.0,1
20,107332.0,1
20,107445.0,1
20,108702.0,1
20,108838.0,1
20,109573.0,1
20,109447.0,1
20,110442.0,1
20,111670.0,1
20,110229.0,1
20,111889.0,1
20,111978.0,1
20,111996.0,1
20,112438.0,1
20,115613.0,1
20,115007.0,1
20,115289.0,1
20,115291.0,1
20,115311.0,1
20,115719.0,1
20,115734.0,1
20,115920.0,1
20,116633.0,1
20,117676.0,1
20,118744.0,1
20,118970.0,1
20,119199.0,1
20,119749.0,1
20,120059.0,1
20,120068.0,1
20,120387.0,1
