id,cost,status,xloc,yloc,pu_val
0,1,0,147.649275839782,-19.813299483964,0
1,1,0,147.790251187637,-19.8148858803052,0
2,1,0,147.931229491306,-19.8163515555442,0
3,1,0,148.072210517042,-19.817696506094,0
4,1,0,148.213194031068,-19.818920728662697,0
5,1,0,148.35417979958402,-19.820024220253803,0
6,1,0,147.580360315702,-19.697658844757,0
7,1,0,147.721223024943,-19.6993043236153,0
8,1,0,147.862088799604,-19.700829176835,0
9,1,0,148.002957406502,-19.7022334006898,0
10,1,0,148.143828612428,-19.703516991748103,0
11,1,0,148.284702184146,-19.7046799468728,0
12,1,0,148.425577888395,-19.7057222632218,0
13,1,0,147.511554124134,-19.581987890428604,0
14,1,0,147.652304318859,-19.583692359222,0
15,1,0,147.793057688074,-19.5852762977654,0
16,1,0,147.93381399916,-19.5867397021941,0
17,1,0,148.074573019473,-19.5880825689371,0
18,1,0,148.215334516339,-19.589304894717603,0
19,1,0,148.35609825706,-19.5904066765527,0
20,1,0,147.16159220080098,-19.4623986757554,0
21,1,0,147.302222742998,-19.4644028987689,0
22,1,0,147.442857032227,-19.4662866957308,0
23,1,0,147.583494836502,-19.468050062052,0
24,1,0,147.72413592380198,-19.4696929934367,0
25,1,0,147.864780062074,-19.4712154858823,0
26,1,0,148.005427019235,-19.4726175356794,0
27,1,0,148.146076563173,-19.4738991394119,0
28,1,0,148.286728461752,-19.4750602939572,0
29,1,0,148.427382482812,-19.47610099648589,0
30,1,0,146.952714854693,-19.3443668280023,0
31,1,0,147.09322883086202,-19.346549990949,0
32,1,0,147.233746892323,-19.348612828372,0
33,1,0,147.374268807693,-19.3505553352538,0
34,1,0,147.51479434555,-19.3523775068698,0
35,1,0,147.655323274437,-19.3540793387876,0
36,1,0,147.795855362864,-19.3556608268674,0
37,1,0,147.93639037930902,-19.3571219672619,0
38,1,0,148.07692809222004,-19.358462756416603,0
39,1,0,148.217468270021,-19.3596831910694,0
40,1,0,148.35801068110902,-19.3607832682512,0
41,1,0,146.603782799199,-19.2235859612388,0
42,1,0,146.744175239453,-19.226067994409,0
43,1,0,146.884572332297,-19.2284298088021,0
44,1,0,147.024973846996,-19.2306713986832,0
45,1,0,147.165379552774,-19.2327927586088,0
46,1,0,147.305789218811,-19.2347938834274,0
47,1,0,147.446202614249,-19.236674768279,0
48,1,0,147.586619508193,-19.2384354085953,0
49,1,0,147.727039669713,-19.2400758001001,0
50,1,0,147.86746286785,-19.2415959388089,0
51,1,0,148.007888871609,-19.2429958210292,0
52,1,0,148.148317449974,-19.2442754433604,0
53,1,0,148.288748371897,-19.245434802694103,0
54,1,0,148.429181406312,-19.2464738962138,0
55,1,0,146.395698383025,-19.104842522674502,0
56,1,0,146.53597329166402,-19.1075028166047,0
57,1,0,146.676253187149,-19.110042993672604,0
58,1,0,146.816537839358,-19.1124630477201,0
59,1,0,146.956827018123,-19.1147629728798,0
60,1,0,147.09712049323,-19.1169427635751,0
61,1,0,147.237418034422,-19.1190024145208,0
62,1,0,147.377719411404,-19.1209419207221,0
63,1,0,147.518024393841,-19.1227612774758,0
64,1,0,147.65833275136498,-19.1244604803697,0
65,1,0,147.798644253572,-19.1260395252827,0
66,1,0,147.93895867003,-19.1274984083852,0
67,1,0,148.079275770275,-19.1288371261385,0
68,1,0,148.21959532381902,-19.1300556752956,0
69,1,0,148.35991710014798,-19.13115405290069,0
70,1,0,146.32810894322398,-18.9886719357151,0
71,1,0,146.46827133057,-18.9913901864084,0
72,1,0,146.608438807816,-18.9939884160484,0
73,1,0,146.74861114540198,-18.996466618346,0
74,1,0,146.88878811372498,-18.9988247873019,0
75,1,0,147.028969483132,-19.0010629172072,0
76,1,0,147.16915502393,-19.003181002643306,0
77,1,0,147.309344506383,-19.0051790384817,0
78,1,0,147.449537700717,-19.0070570198846,0
79,1,0,147.589734377121,-19.0088149423045,0
80,1,0,147.72993430575002,-19.010452801484497,0
81,1,0,147.87013725672702,-19.0119705934582,0
82,1,0,148.010343000146,-19.0133683145498,0
83,1,0,148.150551306072,-19.0146459613742,0
84,1,0,148.290761944546,-19.0158035308371,0
85,1,0,148.430974685585,-19.01684102013461,0
86,1,0,146.260626693054,-18.872472027352,0
87,1,0,146.400676686103,-18.875248143735305,0
88,1,0,146.54073187159,-18.8779043347951,0
89,1,0,146.68079202051902,-18.8804405941115,0
90,1,0,146.820856903848,-18.882856915554303,0
91,1,0,146.960926292486,-18.88515329328261,0
92,1,0,147.1009999573,-18.8873297217452,0
93,1,0,147.241077669114,-18.8893861956807,0
94,1,0,147.381159198712,-18.8913227101171,0
95,1,0,147.52124431683995,-18.8931392603725,0
96,1,0,147.661332794211,-18.8948358420544,0
97,1,0,147.801424401502,-18.8964124510608,0
98,1,0,147.941518909362,-18.897869083579,0
99,1,0,148.081616088409,-18.8992057360867,0
100,1,0,148.221715709237,-18.9004224053514,0
101,1,0,148.361817542415,-18.9015190884308,0
102,1,0,146.333189129012,-18.7590767615142,1
103,1,0,146.47313214917102,-18.7617908230139,0
104,1,0,146.61308023536,-18.7643850482906,0
105,1,0,146.753033159098,-18.7668594310834,0
106,1,0,146.892990691855,-18.7692139654202,0
107,1,0,147.032952605056,-18.771448645618104,0
108,1,0,147.17291867008302,-18.7735634662828,0
109,1,0,147.312888658276,-18.775558422309302,0
110,1,0,147.45286234094,-18.7774335088815,0
111,1,0,147.592839489341,-18.7791887214725,0
112,1,0,147.73281987471202,-18.7808240558446,0
113,1,0,147.872803268252,-18.7823395080495,0
114,1,0,148.012789441135,-18.783735074428,0
115,1,0,148.152778164504,-18.7850107516103,0
116,1,0,148.292769209477,-18.786166536516102,0
117,1,0,148.432762347153,-18.7872024263542,0
118,1,0,146.265808430606,-18.6428761125178,0
119,1,0,146.405639411819,-18.64564795365,1
120,1,0,146.545475561139,-18.6483000540005,1
121,1,0,146.68531665064398,-18.6508324071786,0
122,1,0,146.825162452364,-18.6532450070816,0
123,1,0,146.96501273828002,-18.6555378478952,0
124,1,0,147.104867280332,-18.6577109240933,0
125,1,0,147.244725850417,-18.6597642304381,0
126,1,0,147.384588220393,-18.6616977619802,0
127,1,0,147.52445416208,-18.6635115140588,0
128,1,0,147.664323447264,-18.6652054823015,0
129,1,0,147.804195847698,-18.6667796626244,0
130,1,0,147.944071135105,-18.6682340512325,0
131,1,0,148.083949081178,-18.6695686446192,0
132,1,0,148.223829457585,-18.67078343956669,0
133,1,0,148.363712035971,-18.671878433146,0
134,1,0,146.19853436276,-18.5266462693628,0
135,1,0,146.338253431357,-18.5294757994921,1
136,1,0,146.477977769629,-18.5321856842019,0
137,1,0,146.617707150212,-18.5347759169724,0
138,1,0,146.757441345693,-18.5372464915708,0
139,1,0,146.897180128612,-18.5395974020523,0
140,1,0,147.03692327146098,-18.541828642759302,0
141,1,0,147.176670546695,-18.543940208322105,0
142,1,0,147.316421726723,-18.545932093658603,0
143,1,0,147.45617658392,-18.5478042939745,0
144,1,0,147.59593489062098,-18.5495568047634,0
145,1,0,147.735696419133,-18.5511896218068,0
146,1,0,147.875460941725,-18.5527027411741,0
147,1,0,148.015228230641,-18.5540961592227,0
148,1,0,148.154998058097,-18.555369872598103,0
149,1,0,148.29477019628402,-18.5565238782337,0
150,1,0,148.43454441737,-18.5575581733511,0
151,1,0,146.131366697908,-18.4103873045112,0
152,1,0,146.270973980166,-18.4132744331735,1
153,1,0,146.41058663316005,-18.4160420116997,1
154,1,0,146.550204430085,-18.418690033440896,1
155,1,0,146.689827144082,-18.4212184920353,1
156,1,0,146.829454548246,-18.423627381408,1
157,1,0,146.969086415625,-18.425916695770603,1
158,1,0,147.108722519225,-18.428086429622,1
159,1,0,147.24836263201,-18.4301365777481,1
160,1,0,147.38800652690398,-18.4320671352219,0
161,1,0,147.527653976796,-18.4338780974035,0
162,1,0,147.667304754537,-18.4355694599403,0
163,1,0,147.806958632949,-18.4371412187669,0
164,1,0,147.946615384823,-18.4385933701053,0
165,1,0,148.08627478291902,-18.43992591046469,0
166,1,0,148.225936599976,-18.4411388366421,0
167,1,0,148.365600608705,-18.4422321457214,0
168,1,0,146.064305209041,-18.2940992902702,1
169,1,0,146.203800831185,-18.2970439271728,0
170,1,0,146.343301924623,-18.299869109143103,1
171,1,0,146.482808263103,-18.3025748294045,1
172,1,0,146.622319620323,-18.3051610814664,1
173,1,0,146.761835769932,-18.3076278591242,1
174,1,0,146.90135648553004,-18.3099751564597,1
175,1,0,147.040881540676,-18.312202967841102,1
176,1,0,147.18041070888398,-18.31431128792261,1
177,1,0,147.319943763629,-18.3163001116452,1
178,1,0,147.459480478348,-18.3181694342362,0
179,1,0,147.599020626443,-18.319919251209487,0
180,1,0,147.738563981281,-18.3215495583655,0
181,1,0,147.87811031619802,-18.3230603517916,0
182,1,0,148.017659404503,-18.3244516278614,0
183,1,0,148.157211019476,-18.3257233832355,0
184,1,0,148.296764934373,-18.3268756148613,0
185,1,0,148.436320922428,-18.327908319973,0
186,1,0,145.997349669711,-18.1777822987929,0
187,1,0,146.136733757912,-18.1807843538136,0
188,1,0,146.276123417461,-18.1836670490268,0
189,1,0,146.415518422662,-18.1864303775284,1
190,1,0,146.554918547766,-18.189074332699494,1
191,1,0,146.694323566973,-18.191598908207,1
192,1,0,146.83373325443702,-18.194004098003106,1
193,1,0,146.973147384266,-18.1962898963258,1
194,1,0,147.112565730526,-18.1984562976986,1
195,1,0,147.25198806723802,-18.200503296931,1
196,1,0,147.39141416839,-18.202430889118,1
197,1,0,147.53084380792802,-18.2042390696408,1
198,1,0,147.670276759767,-18.2059278341662,0
199,1,0,147.809712797789,-18.2074971786473,0
200,1,0,147.949151695844,-18.2089470993231,0
201,1,0,148.088593227758,-18.2102775927185,0
202,1,0,148.22803716732702,-18.2114886556448,0
203,1,0,146.069772534397,-18.0644957852661,1
204,1,0,146.209050885674,-18.067435903691003,0
205,1,0,146.34833468271003,-18.0702567503228,1
206,1,0,146.487623700309,-18.0729583184152,1
207,1,0,146.626917713223,-18.07554060150689,1
208,1,0,146.766216496156,-18.0780035934211,1
209,1,0,146.905519823765,-18.0803472882665,1
210,1,0,147.04482747066402,-18.0825716804362,1
211,1,0,147.184139211424,-18.0846767646088,1
212,1,0,147.32345482057698,-18.086662535748104,1
213,1,0,147.462774072618,-18.088528989102603,1
214,1,0,147.602096742003,-18.0902761202067,1
215,1,0,147.74142260316003,-18.0919039248795,0
216,1,0,147.880751430483,-18.09341239922589,0
217,1,0,148.020082998336,-18.0948015396361,0
218,1,0,146.142084103814,-17.951175745322,1
219,1,0,146.281256817749,-17.954054020143897,1
220,1,0,146.420434852406,-17.9568131111393,1
221,1,0,146.559617983088,-17.959453011719198,1
222,1,0,146.698805985047,-17.9619737155787,1
223,1,0,146.83799863349,-17.964375216697302,1
224,1,0,146.977195703577,-17.966657509339,1
225,1,0,147.116396970426,-17.968820588051802,1
226,1,0,147.255602209114,-17.9708644476685,1
227,1,0,147.39481119468002,-17.9727890833063,1
228,1,0,147.534023702126,-17.974594490367,1
229,1,0,147.67323950642,-17.9762806645371,1
230,1,0,147.81245838249902,-17.9778476017876,1
231,1,0,146.075222846987,-17.834886645952803,1
232,1,0,146.214284602831,-17.8378222591942,1
233,1,0,146.35335177905898,-17.840638783243502,1
234,1,0,146.49242415152202,-17.843336211384898,1
235,1,0,146.63150149601998,-17.845914537185898,1
236,1,0,146.770583588307,-17.8483737544976,1
237,1,0,146.909670204088,-17.850713857455002,1
238,1,0,147.048761119029,-17.8529348404767,1
239,1,0,147.187856108748,-17.8550366982649,1
240,1,0,147.326954948829,-17.857019425806,1
241,1,0,147.46605741481702,-17.85888301837,1
242,1,0,147.605163282219,-17.8606274715113,1
243,1,0,146.147417813559,-17.7215615395227,1
244,1,0,146.286374255819,-17.724435406945894,1
245,1,0,146.425335994027,-17.727190272890898,1
246,1,0,146.56430280453,-17.7298261307983,1
247,1,0,146.703274463626,-17.7323429743916,1
248,1,0,146.842250747568,-17.7347407976773,1
249,1,0,146.981231432561,-17.7370195949449,1
250,1,0,147.120216294771,-17.739179360767103,1
251,1,0,147.259205110321,-17.7412200899998,1
252,1,0,147.398197655296,-17.74314177778211,1
253,1,0,146.080656226083,-17.605271933026106,1
254,1,0,146.219502058785,-17.6082030543115,1
255,1,0,146.358353286653,-17.6110152684708,1
256,1,0,146.497209686579,-17.6137085688179,1
257,1,0,146.636071035405,-17.616282948949394,1
258,1,0,146.774937109928,-17.618738402744,1
259,1,0,146.913807686896,-17.6210749243628,1
260,1,0,147.052682543015,-17.623292508249396,1
261,1,0,147.19156145495,-17.62539114913,1
262,1,0,147.330444199328,-17.627370842013303,1
263,1,0,146.013999617101,-17.4889535114487,0
264,1,0,146.152734964603,-17.4919417972529,1
265,1,0,146.291475805996,-17.494811270205,1
266,1,0,146.430221918714,-17.497561923493098,1
267,1,0,146.568973080145,-17.5001937505874,1
268,1,0,146.707729067625,-17.5027067452393,1
269,1,0,146.846489658447,-17.5051009014823,1
270,1,0,146.985254629855,-17.5073762136314,1
271,1,0,147.124023759056,-17.5095326762836,1
272,1,0,145.947447763857,-17.3726063463831,0
273,1,0,146.086072750464,-17.375651707530402,1
274,1,0,146.224703329193,-17.3785783500215,0
275,1,0,146.363339278024,-17.3813862669196,1
276,1,0,146.501980374886,-17.384075451568698,1
277,1,0,146.640626397658,-17.3866458975938,1
278,1,0,146.779277124169,-17.389097598901202,1
279,1,0,146.917932332207,-17.391430549678,1
280,1,0,146.0195151941,-17.2593328567527,1
281,1,0,146.158035633927,-17.2623165796964,0
282,1,0,146.296561542142,-17.265181671040498,0
283,1,0,146.435092697215,-17.2679281240036,1
284,1,0,146.573628877563,-17.2705559320849,1
285,1,0,146.712169861558,-17.2730650890639,1
286,1,0,146.850715427521,-17.2754555890006,1
287,1,0,146.98926535373502,-17.2777274262356,1
288,1,0,145.95306207379102,-17.1429853163776,0
289,1,0,146.091472498422,-17.1460260308544,0
290,1,0,146.229888489241,-17.1489482076473,0
291,1,0,146.368309825254,-17.151751839850302,0
292,1,0,146.506736285419,-17.1544369208373,0
293,1,0,146.64516764864402,-17.157003444261697,1
294,1,0,146.78360369378902,-17.1594514040569,1
295,1,0,146.922044199671,-17.1617807944361,1
296,1,0,145.886713168354,-17.026609157712098,0
297,1,0,146.02501370144302,-17.029706774969,0
298,1,0,146.163319898032,-17.03268594838,0
299,1,0,146.301631537666,-17.0355466709152,0
300,1,0,146.43994839984,-17.038288935823697,0
301,1,0,146.578270263999,-17.0409127366335,0
302,1,0,146.716596909537,-17.0434180671519,0
303,1,0,146.85492811580602,-17.0458049214654,0
304,1,0,145.820468257147,-16.9102044519134,0
305,1,0,145.958659022293,-16.9133588833633,0
306,1,0,146.09685554776698,-16.9163949647278,0
307,1,0,146.235057613652,-16.9193126888534,0
308,1,0,146.373264999979,-16.9221120488651,0
309,1,0,146.511477486726,-16.924793038166,0
310,1,0,146.649694853825,-16.9273556504381,0
311,1,0,146.787916881159,-16.9297998796416,0
312,1,0,145.61625207532302,-16.790441863917902,0
313,1,0,145.75432712006702,-16.7937712699887,0
314,1,0,145.892408240812,-16.7969824272105,0
315,1,0,146.030495218233,-16.8000753280295,0
316,1,0,146.168587832947,-16.8030499651694,0
317,1,0,146.306685865521,-16.8059063316314,0
318,1,0,146.444789096466,-16.808644420694698,0
319,1,0,146.582897306248,-16.811264225916098,0
320,1,0,146.721010275281,-16.8137657411306,0
321,1,0,145.550324109052,-16.6739237329359,0
322,1,0,145.68828953755,-16.677309682796302,0
323,1,0,145.826261137381,-16.6805774775342,0
324,1,0,145.964238689755,-16.683727109474006,0
325,1,0,146.102221975824,-16.6867585712171,0
326,1,0,146.240210776688,-16.6896718556419,0
327,1,0,146.37820487339198,-16.6924669559037,0
328,1,0,146.516204046932,-16.6951438654353,0
329,1,0,146.654208078255,-16.6977025779465,0
330,1,0,145.48449935441005,-16.5573773554082,0
331,1,0,145.62235529056602,-16.560819761045803,0
332,1,0,145.76021749291098,-16.5641441052089,0
333,1,0,145.89808574319,-16.5673503801007,0
334,1,0,146.035959823087,-16.5704385782009,0
335,1,0,146.173839514235,-16.573408692265502,0
336,1,0,146.311724598209,-16.5762607153268,0
337,1,0,146.449614856537,-16.5789946406938,0
338,1,0,146.587510070696,-16.5816104619522,0
339,1,0,145.418777592961,-16.4408028017314,0
340,1,0,145.556524160621,-16.4443015752987,0
341,1,0,145.694277088852,-16.4476823809606,0
342,1,0,145.83203615993,-16.4509452108002,0
343,1,0,145.969801156074,-16.4540900571758,0
344,1,0,146.10757185944598,-16.4571169127216,0
345,1,0,146.245348052153,-16.4600257703476,0
346,1,0,146.38312951625,-16.4628166232397,0
347,1,0,146.520916033744,-16.4654894648596,0
348,1,0,146.658707386591,-16.4680442889453,0
349,1,0,145.353158606807,-16.3242001421551,0
350,1,0,145.490795929754,-16.3277551959685,0
351,1,0,145.628439707182,-16.3311923753673,0
352,1,0,145.766089721899,-16.334511672314502,0
353,1,0,145.903745756654,-16.337713079047806,0
354,1,0,146.04140759413798,-16.3407965880804,0
355,1,0,146.179075016989,-16.3437621922002,0
356,1,0,146.316747807789,-16.3466098844707,0
357,1,0,146.45442574907102,-16.3493396582304,0
358,1,0,146.592108623319,-16.3519515070935,0
359,1,0,145.425170380538,-16.211180693322,0
360,1,0,145.562705130416,-16.2146741588594,0
361,1,0,145.70024621155198,-16.2180498352377,0
362,1,0,145.837793407226,-16.2213077145749,0
363,1,0,145.975346500657,-16.2244477892633,0
364,1,0,146.11290527501,-16.2274700519696,0
365,1,0,146.25046951339598,-16.2303744956354,0
366,1,0,146.388038998872,-16.233161113476502,0
367,1,0,146.525613514449,-16.2358298989839,0
368,1,0,145.497073141594,-16.0981278017199,0
369,1,0,145.634505411873,-16.1015597700164,0
370,1,0,145.77194389071698,-16.1048740343668,0
371,1,0,145.90938836187598,-16.1080705870433,0
372,1,0,146.046838609039,-16.111149420592,0
373,1,0,146.184294415843,-16.114110527833,0
374,1,0,146.321755565872,-16.1169539018602,0
375,1,0,146.459221842658,-16.1196795360418,0
376,1,0,145.43154352429,-15.9815533740854,0
377,1,0,145.568867106373,-15.9850415469502,0
378,1,0,145.706196990583,-15.9884121088861,0
379,1,0,145.843532961194,-15.9916650520459,0
380,1,0,145.980874802421,-15.9948003688556,0
381,1,0,146.118222298426,-15.997818052014502,0
382,1,0,146.255575233315,-16.0007180944951,0
383,1,0,146.392933391146,-16.0035004895434,0
384,1,0,145.366116062603,-15.8649509459462,0
385,1,0,145.503331079093,-15.8684952361918,0
386,1,0,145.640552490805,-15.8719220084482,0
387,1,0,145.777780082537,-15.875231254749,0
388,1,0,145.915013639028,-15.878422967400804,0
389,1,0,146.052252944963,-15.8814971389826,0
390,1,0,146.189497784973,-15.884453762346098,0
391,1,0,146.326747943633,-15.8872928306159,0
392,1,0,145.30079054115802,-15.7483205871469,0
393,1,0,145.437897114599,-15.751920907748303,0
394,1,0,145.57501017589,-15.755403803222102,0
395,1,0,145.712129510355,-15.7587692654838,0
396,1,0,145.849254903255,-15.7620172867209,0
397,1,0,145.986386139799,-15.7651478593926,0
398,1,0,146.123523005135,-15.7681609762305,0
399,1,0,146.260665284363,-15.7710566302382,0
400,1,0,145.372564997979,-15.6353186314807,0
401,1,0,145.509569830868,-15.6388575632309,0
402,1,0,145.64658102962,-15.642279154435,0
403,1,0,145.78359838001998,-15.6455833971621,0
404,1,0,145.920621667795,-15.6487702837525,0
405,1,0,146.057650678615,-15.6518398068178,0
406,1,0,146.194685198098,-15.6547919592414,0
407,1,0,146.331725011809,-15.6576267341781,0
408,1,0,145.307334514849,-15.5186884771049,0
409,1,0,145.44423124129298,-15.5222833583518,0
410,1,0,145.581134425828,-15.5257609916414,1
411,1,0,145.71804385476102,-15.5291213689247,0
412,1,0,145.854959314336,-15.5323644824235,0
413,1,0,145.991880590743,-15.5354903246305,0
414,1,0,146.128807470119,-15.538498888309,0
415,1,0,146.26573973854602,-15.5413901664937,0
416,1,0,145.242205451342,-15.4020305141921,0
417,1,0,145.378994193238,-15.405681258317196,0
418,1,0,145.515789484994,-15.4092148469962,0
419,1,0,145.652591113434,-15.4126312720628,0
420,1,0,145.789398865324,-15.4159305256208,0
421,1,0,145.92621252736998,-15.4191126000444,0
422,1,0,146.063031886225,-15.4221774879778,0
423,1,0,146.19985672848802,-15.4251251823355,0
424,1,0,145.31385847329798,-15.2890513327147,0
425,1,0,145.450545993652,-15.2926407902476,0
426,1,0,145.587239942519,-15.2961131764852,1
427,1,0,145.723940107181,-15.2994684834137,1
428,1,0,145.860646274863,-15.302706703289402,0
429,1,0,145.997358232731,-15.3058278286378,0
430,1,0,146.134075767901,-15.3088318522541,0
431,1,0,145.248823868588,-15.1723936509876,0
432,1,0,145.385403738855,-15.1760388909994,0
433,1,0,145.521990129007,-15.1795671519558,1
434,1,0,145.658582826844,-15.182978425726304,0
435,1,0,145.795181620103,-15.186272704449598,0
436,1,0,145.931786296467,-15.1894499805331,0
437,1,0,146.06839664356198,-15.1925102466535,0
438,1,0,145.320362508172,-15.059409218711,0
439,1,0,145.45684146041,-15.0629932680939,0
440,1,0,145.593326811765,-15.0664604223376,1
441,1,0,145.729818350488,-15.0698106734637,0
442,1,0,145.866315864775,-15.0730440137623,0
443,1,0,146.002819142766,-15.0761604357917,0
444,1,0,145.255422089689,-14.9427518426981,0
445,1,0,145.391793724753,-14.9463915943748,0
446,1,0,145.528171849911,-14.9499145428822,1
447,1,0,145.664556253928,-14.9533206801258,1
448,1,0,145.800946725512,-14.9566099982786,0
449,1,0,145.937343053314,-14.9597824897813,0
450,1,0,145.05432462472,-14.8222547613382,1
451,1,0,145.190582272006,-14.8260668321333,1
452,1,0,145.326846710574,-14.8297622001301,0
453,1,0,145.463117729762,-14.833340856851,1
454,1,0,145.599395118846,-14.836802794085695,1
455,1,0,145.735678667046,-14.8401480038906,0
456,1,0,145.87196816352198,-14.8433764785896,0
457,1,0,146.008263397379,-14.8464882107737,0
458,1,0,144.989692362393,-14.7054867466773,1
459,1,0,145.125842844236,-14.7093542560463,0
460,1,0,145.262000206925,-14.713105154548302,1
461,1,0,145.398164240309,-14.716739433591002,1
462,1,0,145.534334734177,-14.7202570848489,0
463,1,0,145.670511478255,-14.7236581002627,0
464,1,0,145.806694262214,-14.7269424720396,0
465,1,0,145.942882875667,-14.7301101926536,0
466,1,0,143.973068851555,-14.5579695391215,0
467,1,0,144.653095031932,-14.580496075346696,0
468,1,0,144.78912390074302,-14.5846519485558,0
469,1,0,144.925160158604,-14.5886913209607,1
470,1,0,145.06120359600402,-14.592614183324402,0
471,1,0,145.197254003369,-14.5964205266749,0
472,1,0,145.333311171056,-14.600110342306197,0
473,1,0,145.469374889363,-14.6036836217779,0
474,1,0,145.60544494852502,-14.6071403569153,0
475,1,0,145.741521138721,-14.6104805398098,0
476,1,0,145.877603250071,-14.6137041628187,0
477,1,0,143.77351487671,-14.4358532785275,0
478,1,0,143.90938740099898,-14.44076247707,0
479,1,0,144.04526865447,-14.4455553284648,0
480,1,0,144.181158428565,-14.450231821775,0
481,1,0,144.588876787872,-14.4635630477954,0
482,1,0,144.724798557361,-14.4677740046867,0
483,1,0,144.860727803553,-14.4718685527757,0
484,1,0,144.996664317447,-14.4758466827129,1
485,1,0,145.132607889978,-14.4797083854135,0
486,1,0,145.268558312012,-14.483453652058,0
487,1,0,145.404515374356,-14.4870824740918,0
488,1,0,145.540478867752,-14.4905948432255,1
489,1,0,145.676448582884,-14.4939907514351,0
490,1,0,145.812424310379,-14.4972701909619,0
491,1,0,143.710039697323,-14.3185650923597,0
492,1,0,143.845804731494,-14.323528735627198,0
493,1,0,143.981578578991,-14.3283761243272,0
494,1,0,144.117361031771,-14.3331072474151,0
495,1,0,144.253151881711,-14.3377220941098,0
496,1,0,144.388950920611,-14.342220653894,0
497,1,0,144.524757940196,-14.3466029165141,0
498,1,0,144.66057273211598,-14.350868871980698,0
499,1,0,144.796395087951,-14.355018510568302,0
500,1,0,144.932224799209,-14.3590518228155,0
501,1,0,145.068061657334,-14.3629687995254,0
502,1,0,145.203905453699,-14.366769431765402,0
503,1,0,145.339755979617,-14.3704537108673,1
504,1,0,145.475613026337,-14.3740216284274,1
505,1,0,145.611476385048,-14.377473176307,1
506,1,0,145.74734584688,-14.3808083466318,0
507,1,0,143.646662966437,-14.201250378470002,0
508,1,0,143.78232063478,-14.206268381995402,0
509,1,0,143.917987200162,-14.2111702234519,0
510,1,0,144.053662455052,-14.2159558916875,0
511,1,0,144.18934619183796,-14.2206253758131,0
512,1,0,144.32503820283,-14.225178665202598,0
513,1,0,144.460738280263,-14.2296157494933,0
514,1,0,144.596446216297,-14.233936618585696,0
515,1,0,144.732161803019,-14.2381412626438,0
516,1,0,144.867884832446,-14.242229672095098,0
517,1,0,145.003615096527,-14.246201837630696,0
518,1,0,145.139352387143,-14.2500577502057,1
519,1,0,145.275096496112,-14.2537974010387,1
520,1,0,145.410847215187,-14.257420781612597,1
521,1,0,145.546604336062,-14.2609278836741,1
522,1,0,145.682367650371,-14.2643186992341,0
523,1,0,143.718934903109,-14.0889814832394,0
524,1,0,143.854494310154,-14.093937693061,0
525,1,0,143.990062490501,-14.0987778219716,0
526,1,0,144.125639237047,-14.1035018589747,0
527,1,0,144.261224342614,-14.1081097933359,1
528,1,0,144.396817599943,-14.1126016145839,1
529,1,0,144.532418801702,-14.116977312509697,1
530,1,0,144.668027740486,-14.121236877167304,1
531,1,0,144.803644208818,-14.1253802988735,0
532,1,0,144.93926799915198,-14.1294075682083,0
533,1,0,145.074898903876,-14.1333186760146,0
534,1,0,145.21053671531,-14.1371136133988,0
535,1,0,145.346181225713,-14.1407923717305,0
536,1,0,145.48183222728,-14.1443549426426,0
537,1,0,145.617489512148,-14.1478013180317,0
538,1,0,143.655647329247,-13.9716681062867,0
539,1,0,143.79109970165,-13.9766786002389,0
540,1,0,143.92656093072202,-13.9815731055087,0
541,1,0,144.062030809867,-13.986351610992598,0
542,1,0,144.19750913241396,-13.991014105848803,0
543,1,0,144.33299569161198,-13.9955605794976,0
544,1,0,144.46849028063698,-13.9999910216211,0
545,1,0,144.60399269258698,-14.0043054221638,0
546,1,0,144.739502720492,-14.0085037713325,0
547,1,0,144.87502015731198,-14.0125860595964,1
548,1,0,145.010544795935,-14.0165522776871,0
549,1,0,145.146076429188,-14.0204024165989,0
550,1,0,145.28161484983,-14.024136467588804,0
551,1,0,145.41715985055902,-14.0277544221765,0
552,1,0,145.552711224012,-14.0312562721449,0
553,1,0,143.727803167844,-13.8593930119325,0
554,1,0,143.863157568827,-13.8643418094023,0
555,1,0,143.99852070333,-13.869174699127,0
556,1,0,144.13389236518802,-13.8738916701578,0
557,1,0,144.269272348155,-13.878492711807196,0
558,1,0,144.404660445912,-13.882977813649196,0
559,1,0,144.540056452063,-13.887346965519097,0
560,1,0,144.675460160142,-13.8916001575141,0
561,1,0,144.810871363611,-13.8957373799933,0
562,1,0,144.946289855862,-13.8997586235775,0
563,1,0,145.081715430223,-13.903663879149402,0
564,1,0,145.21714787995398,-13.907453137854,0
565,1,0,145.352586998255,-13.9111263910985,0
566,1,0,145.488032578263,-13.9146836305522,0
567,1,0,143.664604502435,-13.7420809949521,0
568,1,0,143.799852198437,-13.7470840006187,0
569,1,0,143.935108710979,-13.7519711905003,0
570,1,0,144.07037383440002,-13.7567425535415,0
571,1,0,144.20564736296,-13.7613980789475,0
572,1,0,144.340929090844,-13.7659377561845,0
573,1,0,144.476218812159,-13.770361574979502,0
574,1,0,144.611516320942,-13.7746695253207,0
575,1,0,144.746821411157,-13.778861597457302,0
576,1,0,144.882133876698,-13.7829377818998,0
577,1,0,145.017453511393,-13.7868980694202,0
578,1,0,145.152780109003,-13.7907424510518,0
579,1,0,145.288113463227,-13.7944709180897,0
580,1,0,145.42345336769898,-13.7980834620904,0
581,1,0,143.736644613679,-13.629799745987404,0
582,1,0,143.87179462686,-13.6347411520976,0
583,1,0,144.00695333402,-13.6395668231406,0
584,1,0,144.142120529922,-13.644276748215,0
585,1,0,144.277296009253,-13.6488709166794,0
586,1,0,144.412479566623,-13.6533493181531,0
587,1,0,144.547670996571,-13.6577119425157,0
588,1,0,144.682870093561,-13.6619587799073,0
589,1,0,144.81807665198798,-13.6660898207286,0
590,1,0,144.953290466178,-13.670105055641198,0
591,1,0,145.088511330394,-13.6740044755674,0
592,1,0,145.223739038829,-13.6777880716906,0
593,1,0,145.35897338561898,-13.6814558354553,0
594,1,0,143.67353460918198,-13.5124891122013,0
595,1,0,143.80857824552496,-13.5174846507675,0
596,1,0,143.94363065852102,-13.522364545959102,0
597,1,0,144.078691643437,-13.5271287867687,0
598,1,0,144.213760995461,-13.5317773624483,0
599,1,0,144.348838509706,-13.5363102625095,0
600,1,0,144.483923981208,-13.540727476724,0
601,1,0,144.619017204933,-13.5450289951233,0
602,1,0,144.754117975774,-13.5492148079989,0
603,1,0,144.889226088557,-13.5532849059024,0
604,1,0,145.024341338041,-13.5572392796458,0
605,1,0,145.159463518917,-13.5610779203014,0
606,1,0,145.294592425817,-13.564800819201698,0
607,1,0,143.745459362029,-13.4002017532219,0
608,1,0,143.88040560288,-13.405135788864,0
609,1,0,144.015360498405,-13.4099542616308,0
610,1,0,144.150323844294,-13.414657160668002,0
611,1,0,144.285295436157,-13.4192444753805,0
612,1,0,144.420275069533,-13.4237161954323,0
613,1,0,144.55526253988302,-13.4280723107469,0
614,1,0,144.6902576426,-13.432312811507002,0
615,1,0,144.825260173006,-13.436437688155,0
616,1,0,144.960269926357,-13.4404469313928,0
617,1,0,145.095286697841,-13.4443405321821,0
618,1,0,145.230310282582,-13.4481184817446,0
619,1,0,143.682437771927,-13.2828925260367,0
620,1,0,143.817277962573,-13.2878806185858,0
621,1,0,143.952126890226,-13.292753239686403,0
622,1,0,144.08698435107402,-13.2975103783784,0
623,1,0,144.221850141228,-13.302152023960302,0
624,1,0,144.356724056723,-13.306678165989402,0
625,1,0,144.491605893518,-13.3110887942812,0
626,1,0,144.626495447504,-13.3153838989105,0
627,1,0,144.761392514499,-13.3195634702107,0
628,1,0,144.896296890251,-13.3236274987745,0
629,1,0,145.031208370446,-13.3275759754535,0
630,1,0,145.166126750701,-13.3314088913585,0
631,1,0,143.754247533578,-13.1705991017193,0
632,1,0,143.888990614797,-13.1755257876844,0
633,1,0,144.023742311624,-13.1803370824826,0
634,1,0,144.158502420666,-13.185032975306498,0
635,1,0,144.293270738454,-13.1896134556066,0
636,1,0,144.428047061445,-13.1940785130918,0
637,1,0,144.562831186024,-13.198428137729,0
638,1,0,144.697622908503,-13.2026623197434,0
639,1,0,144.832422025127,-13.2067810496186,0
640,1,0,144.967228332073,-13.2107843180969,0
641,1,0,145.10204162545202,-13.2146721161789,0
642,1,0,143.691314112371,-13.0532913047235,0
643,1,0,143.825951468519,-13.0582719722379,0
644,1,0,143.960597522266,-13.0631373397475,0
645,1,0,144.09525207071698,-13.0678873963394,0
646,1,0,144.229914910899,-13.0725221313586,0
647,1,0,144.36458583976298,-13.077041534407,0
648,1,0,144.499264654189,-13.0814455953445,0
649,1,0,144.633951150982,-13.0857343042885,0
650,1,0,144.768645126881,-13.0899076516142,0
651,1,0,144.903346378555,-13.0939656279549,0
652,1,0,145.038054702606,-13.0979082242018,0
